no,area,name,instruments,lat,log,img
1,가평군,성모의원,진단용방사선발생장치,37.8264002,127.5147702,21.JPG
2,가평군,천병철내과의원,진단용방사선발생장치,37.8301526,127.513717,22.JPG
3,가평군,설악치과의원,진단용방사선발생장치,37.6777268,127.4912459,23.JPG
4,가평군,"현리 김창선의원",진단용방사선발생장치,37.818455,127.3486742,24.JPG
5,가평군,백세치과의원,진단용방사선발생장치,37.8289879,127.5142997,25.JPG
6,가평군,우리들치과의원,진단용방사선발생장치,37.6778629,127.4910314,26.JPG
7,가평군,새희망마취통증의학과의원,진단용방사선발생장치,37.8297582,127.5132713,27.JPG
8,가평군,연세복치과,진단용방사선발생장치,37.8303173,127.5131389,28.JPG
9,가평군,현리명치과의원,진단용방사선발생장치,37.819069,127.3482,29.JPG
10,가평군,서울연합치과의원,진단용방사선발생장치,37.7375451,127.419815,30.JPG
11,가평군,상천신경과의원,진단용방사선발생장치,37.776266,127.4615303,21.JPG
12,가평군,서울치과의원,진단용방사선발생장치,37.8181772,127.3481505,22.JPG
13,고양시,원당연세치과의원,진단용방사선발생장치,37.6557456,126.8369873,23.JPG
14,고양시,행신오케이치과의원,진단용방사선발생장치,37.6150531,126.8336798,24.JPG
15,고양시,연세지앤미치과의원,진단용방사선발생장치,37.6334386,126.831395,25.JPG
16,고양시,이화연소아청소년과의원,진단용방사선발생장치,37.664044,126.7972331,26.JPG
17,고양시,연세신경외과의원,진단용방사선발생장치,37.6351054,126.8313685,27.JPG
18,고양시,행신연세내과의원,진단용방사선발생장치,37.6151365,126.835322,28.JPG
19,고양시,장.윤치과의원,진단용방사선발생장치,37.6206373,126.8203692,29.JPG
20,고양시,엔와이유어린이치과의원,진단용방사선발생장치,37.6336036,126.8333432,30.JPG
21,고양시,김영호마취통증의학과의원,진단용방사선발생장치,37.6516574,126.7783773,21.JPG
22,고양시,일산이편한치과의원,진단용방사선발생장치,37.6837619,126.780015,22.JPG
23,과천시,연세스위트치과병원,진단용방사선발생장치,37.4270832,126.991505,23.JPG
24,과천시,정형태치과의원,진단용방사선발생장치,37.428714,126.9916403,24.JPG
25,과천시,LA성모치과의원,진단용방사선발생장치,37.4262182,126.9918102,25.JPG
26,과천시,LA성모치과의원,진단용방사선발생장치,37.4262182,126.9918102,26.JPG
27,과천시,탑내과의원,진단용방사선발생장치,37.420578,126.9922516,27.JPG
28,과천시,이내과의원,진단용방사선발생장치,37.4340213,126.9980799,28.JPG
29,과천시,속편한내과의원,진단용방사선발생장치,37.4262182,126.9918102,29.JPG
30,과천시,과천삼성의원,진단용방사선발생장치,37.420578,126.9922516,30.JPG
31,광명시,심재현치과의원,진단용방사선발생장치,37.4624642,126.8789882,21.JPG
32,광명시,하안봄치과의원,진단용방사선발생장치,37.461466,126.8809,22.JPG
33,광명시,올리브서울치과의원,진단용방사선발생장치,37.4758523,126.8700689,23.JPG
34,광명시,송승헌치과의원,진단용방사선발생장치,37.4708449,126.8720108,24.JPG
35,광명시,닥터김치과의원,진단용방사선발생장치,37.4472148,126.8833754,25.JPG
36,광명시,유춘식치과의원,진단용방사선발생장치,37.4629064,126.8797108,26.JPG
37,광명시,채움신경외과마취통증의학과의원,진단용방사선발생장치,37.4626266,126.8792366,27.JPG
38,광명시,광명이편한치과의원,진단용방사선발생장치,37.4786558,126.8560111,28.JPG
39,광주시,더화이트치과의원,진단용방사선발생장치,37.408058,127.2582835,29.JPG
40,광주시,더화이트치과의원,진단용방사선발생장치,37.408058,127.2582835,30.JPG
41,광주시,탄탄병원,진단용방사선발생장치,37.4093872,127.2560628,21.JPG
42,광주시,플랜에이치과의원,진단용방사선발생장치,37.4093106,127.2581748,22.JPG
43,광주시,현대치과의원,진단용방사선발생장치,37.393064,127.2325304,23.JPG
44,광주시,서정치과의원,진단용방사선발생장치,37.3737283,127.2975797,24.JPG
45,광주시,회덕메디칼의원,진단용방사선발생장치,37.42722,127.2421475,25.JPG
46,광주시,바이오이비인후과의원,진단용방사선발생장치,37.4087245,127.2583648,26.JPG
47,광주시,우리내과의원,진단용방사선발생장치,37.3600858,127.1550975,27.JPG
48,구리시,교문e치과의원,진단용방사선발생장치,37.5968371,127.1354793,28.JPG
49,구리시,편한마디정형외과의원,진단용방사선발생장치,37.6084167,127.1336199,29.JPG
50,구리시,원진녹색병원,진단용방사선발생장치,37.605948,127.1336496,30.JPG
51,구리시,유선외과의원,진단용방사선발생장치,37.6008668,127.1333462,21.JPG
52,구리시,열린이비인후과의원,진단용방사선발생장치,37.6012287,127.1400394,22.JPG
53,구리시,서울비뇨기과의원,진단용방사선발생장치,37.6013362,127.1405605,23.JPG
54,구리시,청담이라인치과의원,진단용방사선발생장치,37.6066449,127.1388942,24.JPG
55,구리시,밝은내일치과의원,진단용방사선발생장치,37.5984737,127.1382905,25.JPG
56,구리시,고구려치과의원,진단용방사선발생장치,37.592086,127.1380978,26.JPG
57,군포시,군포열린의원,진단용방사선발생장치,37.3508615,126.9438089,27.JPG
58,군포시,이엔미치과의원,진단용방사선발생장치,37.3716706,126.9356755,28.JPG
59,군포시,이엔미치과의원,진단용방사선발생장치,37.3716706,126.9356755,29.JPG
60,군포시,최천영치과의원,진단용방사선발생장치,37.3623393,126.9416439,30.JPG
61,군포시,김창표재활의학과의원,진단용방사선발생장치,37.3716706,126.9356755,21.JPG
62,군포시,센트럴치과의원,진단용방사선발생장치,37.3719772,126.936059,22.JPG
63,군포시,하나치과의원,진단용방사선발생장치,37.3276172,126.917459,23.JPG
64,군포시,황가정의학과의원,진단용방사선발생장치,37.3706643,126.9407904,24.JPG
65,군포시,최재기치과의원,진단용방사선발생장치,37.3575281,126.9265114,25.JPG
66,김포시,고촌서울탑치과의원,진단용방사선발생장치,37.6013592,126.7706582,26.JPG
67,김포시,고촌서울탑치과의원,진단용방사선발생장치,37.6013592,126.7706582,27.JPG
68,김포시,김포한누리병원,진단용방사선발생장치,37.7003451,126.568593,28.JPG
69,김포시,가지런한S치과의원,진단용방사선발생장치,37.6203002,126.7183254,29.JPG
70,김포시,가지런한S치과의원,진단용방사선발생장치,37.6203002,126.7183254,30.JPG
71,김포시,어중건내과의원,진단용방사선발생장치,37.6169717,126.7167184,21.JPG
72,김포시,연세치과의원,진단용방사선발생장치,37.6446267,126.6670294,22.JPG
73,김포시,제영수정형외과의원,진단용방사선발생장치,37.6440711,126.6680857,23.JPG
74,김포시,중앙치과의원,진단용방사선발생장치,37.6203002,126.7183254,24.JPG
75,남양주시,릴리리틀치과의원,진단용방사선발생장치,37.6459693,127.1252102,25.JPG
76,남양주시,청담비뇨기과의원,진단용방사선발생장치,37.6544175,127.2440304,26.JPG
77,남양주시,청담비뇨기과의원,진단용방사선발생장치,37.6544175,127.2440304,27.JPG
78,남양주시,맑은이치과의원,진단용방사선발생장치,37.6060637,127.1572054,28.JPG
79,남양주시,별내올치과의원,진단용방사선발생장치,37.6467728,127.1235912,29.JPG
80,남양주시,뉴연세의원,진단용방사선발생장치,37.6547745,127.3408652,30.JPG
81,남양주시,서울덕치과의원,진단용방사선발생장치,37.5859493,127.2127764,1.JPG
82,남양주시,서울덕치과의원,진단용방사선발생장치,37.5859493,127.2127764,2.JPG
83,남양주시,호평박비뇨기과의원,진단용방사선발생장치,37.6550032,127.244021,3.JPG
84,남양주시,마석기독요양병원,진단용방사선발생장치,37.6525568,127.3048312,4.JPG
85,남양주시,21세기치과의원,진단용방사선발생장치,37.6575052,127.2895182,5.JPG
86,동두천시,미소드림치과의원,진단용방사선발생장치,37.8913875,127.0524253,6.JPG
87,동두천시,서울치과의원,진단용방사선발생장치,37.9080179,127.0542331,7.JPG
88,동두천시,서울좋은치과의원,진단용방사선발생장치,37.8919998,127.0533125,8.JPG
89,동두천시,서울행복의원,진단용방사선발생장치,37.8926035,127.0529491,9.JPG
90,동두천시,바로본의원,진단용방사선발생장치,37.8928,127.0568146,21.JPG
91,동두천시,ABC치과의원,진단용방사선발생장치,37.8928,127.0568146,22.JPG
92,동두천시,ABC치과의원,진단용방사선발생장치,37.8928,127.0568146,23.JPG
93,동두천시,로하스요양병원,진단용방사선발생장치,37.8814678,127.0533167,24.JPG
94,동두천시,이은종내과의원,진단용방사선발생장치,37.8913875,127.0524253,25.JPG
95,동두천시,지행수치과의원,진단용방사선발생장치,37.8926036,127.0527331,26.JPG
96,부천시,탑치과의원,진단용방사선발생장치,37.5012726,126.7772224,27.JPG
97,부천시,e-조은치과의원,진단용방사선발생장치,37.496091,126.7630236,28.JPG
98,부천시,꿈꾸는아이치과의원,진단용방사선발생장치,37.4712098,126.809587,29.JPG
99,부천시,소사제일치과의원,진단용방사선발생장치,37.4750787,126.7957736,30.JPG
100,부천시,성모혜민내과의원,진단용방사선발생장치,37.5047129,126.7672258,21.JPG
101,부천시,노블리안치과의원,진단용방사선발생장치,37.5010005,126.7762507,22.JPG
102,부천시,큐프라임소풍치과의원,진단용방사선발생장치,37.5041689,126.7566871,23.JPG
103,부천시,W치과의원,진단용방사선발생장치,37.5017054,126.787026,24.JPG
104,부천시,현내과의원,진단용방사선발생장치,37.488245,126.7638176,25.JPG
105,성남시,스마일치과의원,진단용방사선발생장치,37.368729,127.1121601,26.JPG
106,성남시,연세유효민내과의원,진단용방사선발생장치,37.3738131,127.1190994,27.JPG
107,성남시,프리미엄치과의원,진단용방사선발생장치,37.4037477,127.1158816,28.JPG
108,성남시,서울예쁜얼굴치과의원,진단용방사선발생장치,37.3495668,127.1094913,29.JPG
109,성남시,미금치과의원,진단용방사선발생장치,37.3496459,127.1116584,30.JPG
110,성남시,21세기미금의원,진단용방사선발생장치,37.3508103,127.1094367,11.JPG
111,성남시,드라마치과병원,진단용방사선발생장치,37.3675888,127.1076316,12.JPG
112,성남시,연세CS치과의원,진단용방사선발생장치,37.3954426,127.1135992,13.JPG
113,성남시,더서울치과의원,진단용방사선발생장치,37.4391366,127.1274039,14.JPG
114,수원시,해맑은치과의원,진단용방사선발생장치,37.2385783,127.0568297,15.JPG
115,수원시,쎈정형외과의원,진단용방사선발생장치,37.2462715,127.0603291,16.JPG
116,수원시,신영통연세치과의원,진단용방사선발생장치,37.2375499,127.0593307,17.JPG
117,수원시,누리봄소아청소년과의원,진단용방사선발생장치,37.2592353,127.0432495,18.JPG
118,수원시,버팀병원,진단용방사선발생장치,37.2450481,127.0559213,19.JPG
119,수원시,차앤박치과의원,진단용방사선발생장치,37.2460755,127.0554487,20.JPG
120,수원시,고운이치과의원,진단용방사선발생장치,37.2652359,127.0439968,21.JPG
121,수원시,"영통9 정형외과의원",진단용방사선발생장치,37.2592353,127.0432495,22.JPG
122,수원시,프라자치과의원,진단용방사선발생장치,37.2926519,127.0501129,23.JPG
123,수원시,"손앤오 의원",진단용방사선발생장치,37.2537964,127.0744472,24.JPG
124,수원시,광교이안소아청소년과의원,진단용방사선발생장치,37.2926519,127.0501129,25.JPG
125,시흥시,편한이치과의원,진단용방사선발생장치,37.3937432,126.8050996,26.JPG
126,시흥시,우리내과의원,진단용방사선발생장치,37.4405699,126.785439,27.JPG
127,시흥시,예스부부치과의원,진단용방사선발생장치,37.4443228,126.793022,28.JPG
128,시흥시,꾸러기소아과의원,진단용방사선발생장치,37.3679139,126.8122117,29.JPG
129,시흥시,베스트내과의원,진단용방사선발생장치,37.3679139,126.8122117,30.JPG
130,시흥시,한국치과의원,진단용방사선발생장치,37.3433033,126.7396986,21.JPG
131,시흥시,보람의원,진단용방사선발생장치,37.3438904,126.7846911,22.JPG
132,시흥시,효성요양병원,진단용방사선발생장치,37.4421576,126.7914347,23.JPG
133,시흥시,매화치과의원,진단용방사선발생장치,37.4154908,126.8144407,24.JPG
134,안산시,B.M산부인과의원,진단용방사선발생장치,37.3078368,126.8514372,25.JPG
135,안산시,B.M산부인과의원,진단용방사선발생장치,37.3078368,126.8514372,26.JPG
136,안산시,최재활의학과의원,진단용방사선발생장치,37.3080917,126.827275,27.JPG
137,안산시,미소가있는치과의원,진단용방사선발생장치,37.3121444,126.8385236,28.JPG
138,안산시,중앙안산의원,진단용방사선발생장치,37.3364751,126.8106888,29.JPG
139,안산시,한마음의원,진단용방사선발생장치,37.3432532,126.8067217,30.JPG
140,안산시,바른치과의원,진단용방사선발생장치,37.3101751,126.816802,21.JPG
141,안산시,맑은샘이비인후과의원,진단용방사선발생장치,37.3274745,126.8002413,22.JPG
142,안성시,연산치과의원,진단용방사선발생장치,37.0069642,127.2735413,23.JPG
143,안성시,미소플란트치과병원,진단용방사선발생장치,37.0000261,127.1710823,24.JPG
144,안성시,미소플란트치과병원,진단용방사선발생장치,37.0000261,127.1710823,25.JPG
145,안성시,늘푸른치과의원,진단용방사선발생장치,37.0017202,127.1710523,26.JPG
146,안성시,안성중앙치과의원,진단용방사선발생장치,37.0074944,127.2702062,27.JPG
147,안성시,박승현치과의원,진단용방사선발생장치,37.0153554,127.2644582,28.JPG
148,안성시,서울정형외과의원,진단용방사선발생장치,37.0076625,127.2675665,29.JPG
149,안성시,성모의원,진단용방사선발생장치,37.0749082,127.4236375,30.JPG
150,안양시,배상덕치과의원,진단용방사선발생장치,37.4042195,126.9661751,21.JPG
151,안양시,박달연세치과의원,진단용방사선발생장치,37.4046653,126.9088669,22.JPG
152,안양시,서울하이안치과의원,진단용방사선발생장치,37.4002487,126.9760817,23.JPG
153,안양시,삼성샘물마취통증의학과의원,진단용방사선발생장치,37.3918355,126.9546967,24.JPG
154,안양시,삼성마취통증의학과의원,진단용방사선발생장치,37.3988632,126.9215342,25.JPG
155,안양시,권태우정형외과의원,진단용방사선발생장치,37.3916901,126.9516478,26.JPG
156,안양시,이사랑치과의원,진단용방사선발생장치,37.4034972,126.96159,27.JPG
157,양주시,21세기내과의원,진단용방사선발생장치,37.7956215,127.0788722,28.JPG
158,양주시,서울베스트치과의원,진단용방사선발생장치,37.7869784,126.9925171,29.JPG
159,양주시,화인치과의원,진단용방사선발생장치,37.8314283,127.0990488,30.JPG
160,양주시,화인치과의원,진단용방사선발생장치,37.8314283,127.0990488,1.JPG
161,양주시,우리들치과의원,진단용방사선발생장치,37.8165019,126.9878226,2.JPG
162,양주시,신앤김소아청소년과의원,진단용방사선발생장치,37.795539,127.0809499,3.JPG
163,양주시,온아치과의원,진단용방사선발생장치,37.797343,127.1021723,4.JPG
164,양주시,튼튼이치과의원,진단용방사선발생장치,37.7958166,127.1065301,5.JPG
165,양주시,튼튼이치과의원,진단용방사선발생장치,37.7958166,127.1065301,6.JPG
166,양주시,성모의원,진단용방사선발생장치,37.8189456,127.045926,7.JPG
167,양주시,서울내과의원,진단용방사선발생장치,37.8371447,127.0658734,8.JPG
168,양주시,즐거운치과의원,진단용방사선발생장치,37.8366657,127.0684858,9.JPG
169,양주시,즐거운치과의원,진단용방사선발생장치,37.8366657,127.0684858,10.JPG
170,양평군,"메디시아 치과의원",진단용방사선발생장치,37.4895263,127.4925848,11.JPG
171,양평군,참조은치과의원,진단용방사선발생장치,37.4841955,127.5925202,12.JPG
172,양평군,서울치과의원,진단용방사선발생장치,37.4896947,127.493253,13.JPG
173,양평군,편안한내과통증의학과의원,진단용방사선발생장치,37.4904712,127.4950333,14.JPG
174,양평군,영진치과의원,진단용방사선발생장치,37.4891368,127.4930911,21.JPG
175,양평군,한양재활의학과의원,진단용방사선발생장치,37.4905224,127.4957008,22.JPG
176,양평군,"최지원의 e-좋은나라치과의원",진단용방사선발생장치,37.4889102,127.4912239,23.JPG
177,여주시,김동호치과의원,진단용방사선발생장치,37.2974372,127.6343565,24.JPG
178,여주시,진내과의원,진단용방사선발생장치,37.2965478,127.6372475,25.JPG
179,여주시,진내과의원,진단용방사선발생장치,37.2965478,127.6372475,26.JPG
180,여주시,기분좋은치과의원,진단용방사선발생장치,37.2973526,127.6350212,27.JPG
181,여주시,길치과의원,진단용방사선발생장치,37.2972456,127.634806,28.JPG
182,여주시,길치과의원,진단용방사선발생장치,37.2972456,127.634806,29.JPG
183,여주시,평강치과의원,진단용방사선발생장치,37.2949113,127.6366135,30.JPG
184,여주시,한사랑의원,진단용방사선발생장치,37.2994979,127.629772,21.JPG
185,여주시,소망교도소부속의원,진단용방사선발생장치,37.3681581,127.6541058,22.JPG
186,여주시,문치과의원,진단용방사선발생장치,37.2645281,127.6401692,23.JPG
187,여주시,중앙치과의원,진단용방사선발생장치,37.2964084,127.6363554,24.JPG
188,연천군,웃음가득치과의원,진단용방사선발생장치,38.0274828,127.0670041,25.JPG
189,연천군,"우리들 정형외과의원",진단용방사선발생장치,38.0243373,127.0693703,26.JPG
190,연천군,전곡치과의원,진단용방사선발생장치,38.0252836,127.068722,27.JPG
191,연천군,활기찬의원,진단용방사선발생장치,38.0301142,127.0656169,28.JPG
192,연천군,"왕편한 내과의원",진단용방사선발생장치,38.0274828,127.0670041,29.JPG
193,연천군,"프로방스 치과의원",진단용방사선발생장치,38.0155619,127.0702848,30.JPG
194,연천군,방치과의원,진단용방사선발생장치,38.1015775,127.0752775,21.JPG
195,오산시,하이치과의원,진단용방사선발생장치,37.1467023,127.0685831,22.JPG
196,오산시,아이숲치과의원,진단용방사선발생장치,37.1433659,127.0730262,23.JPG
197,오산시,기운찬마취통증의학과의원,진단용방사선발생장치,37.1489992,127.0699471,24.JPG
198,오산시,베스트홍치과의원,진단용방사선발생장치,37.1348635,127.0816953,25.JPG
199,오산시,황재영정형외과의원,진단용방사선발생장치,37.1598868,127.0644516,26.JPG
200,오산시,박치과의원,진단용방사선발생장치,37.1490628,127.0689791,27.JPG
201,오산시,세교미소치과의원,진단용방사선발생장치,37.1749678,127.0501972,28.JPG
202,오산시,세교미소치과의원,진단용방사선발생장치,37.1749678,127.0501972,29.JPG
203,오산시,세교미소치과의원,진단용방사선발생장치,37.1749678,127.0501972,30.JPG
204,오산시,이안치과의원,진단용방사선발생장치,37.144612,127.0682549,21.JPG
205,오산시,세교삼성내과의원,진단용방사선발생장치,37.1767535,127.045863,22.JPG
206,용인시,용한외과의원,진단용방사선발생장치,37.3245377,127.097553,23.JPG
207,용인시,사랑이가득한치과의원,진단용방사선발생장치,37.3232868,127.0956334,24.JPG
208,용인시,한내과의원,진단용방사선발생장치,37.3196809,127.0978515,25.JPG
209,용인시,행복치과의원,진단용방사선발생장치,37.3358668,127.0932679,26.JPG
210,용인시,행복치과의원,진단용방사선발생장치,37.3358668,127.0932679,27.JPG
211,용인시,로하스용인요양병원,진단용방사선발생장치,37.2349689,127.1986035,28.JPG
212,용인시,미담치과의원,진단용방사선발생장치,37.2691869,127.2160655,29.JPG
213,용인시,포브스요양병원,진단용방사선발생장치,37.234885,127.2107964,30.JPG
214,용인시,"허리편한 신경외과",진단용방사선발생장치,37.234519,127.2035945,21.JPG
215,용인시,"허리편한 신경외과",진단용방사선발생장치,37.234519,127.2035945,22.JPG
216,용인시,하얀치과의원,진단용방사선발생장치,37.2367174,127.1982699,23.JPG
217,용인시,하얀치과의원,진단용방사선발생장치,37.2367174,127.1982699,24.JPG
218,용인시,모던치과의원,진단용방사선발생장치,37.2349655,127.2059622,25.JPG
219,용인시,모던치과의원,진단용방사선발생장치,37.2349655,127.2059622,26.JPG
220,의왕시,정진숙치과의원,진단용방사선발생장치,37.3566114,126.9709728,27.JPG
221,의왕시,박일윤치과의원,진단용방사선발생장치,37.3511427,126.972702,28.JPG
222,의왕시,"웰빙 명인치과의원",진단용방사선발생장치,37.3552585,126.9660071,29.JPG
223,의왕시,스마일치과의원,진단용방사선발생장치,37.322701,126.9557563,30.JPG
224,의왕시,스마일치과의원,진단용방사선발생장치,37.322701,126.9557563,21.JPG
225,의왕시,즐거운치과의원,진단용방사선발생장치,37.3914469,126.9813359,22.JPG
226,의왕시,서울플러스치과,진단용방사선발생장치,37.3796685,126.9716405,23.JPG
227,의왕시,다나은치과의원,진단용방사선발생장치,37.396304,126.9852532,24.JPG
228,의왕시,정치과의원,진단용방사선발생장치,37.3189784,126.9522274,25.JPG
229,의왕시,정치과의원,진단용방사선발생장치,37.3189784,126.9522274,26.JPG
230,의왕시,365건강한부곡의원,진단용방사선발생장치,37.3206717,126.9508386,27.JPG
231,의정부시,이재창유바외과의원,진단용방사선발생장치,37.7387075,127.0444613,28.JPG
232,의정부시,미소치과의원,진단용방사선발생장치,37.7289077,127.0597129,29.JPG
233,의정부시,속편한내과의원,진단용방사선발생장치,37.7125695,127.0477697,30.JPG
234,의정부시,(재)한국산업보건환경연구소부설우리의원,진단용방사선발생장치,37.733015,127.0399092,21.JPG
235,의정부시,송산치과의원,진단용방사선발생장치,37.7372885,127.0867653,22.JPG
236,의정부시,서지영소아청소년과의원,진단용방사선발생장치,37.7454958,127.099051,23.JPG
237,의정부시,바른이유치과의원,진단용방사선발생장치,37.7445524,127.0958502,24.JPG
238,의정부시,바른이유치과의원,진단용방사선발생장치,37.7445524,127.0958502,25.JPG
239,의정부시,김일섭치과의원,진단용방사선발생장치,37.7278514,127.0432415,26.JPG
240,의정부시,김일섭치과의원,진단용방사선발생장치,37.7278514,127.0432415,27.JPG
241,의정부시,예신경외과의원,진단용방사선발생장치,37.7263536,127.0490938,28.JPG
242,의정부시,문이비인후과의원,진단용방사선발생장치,37.7112089,127.0480183,29.JPG
243,의정부시,서울준치과의원,진단용방사선발생장치,37.7093528,127.0483461,30.JPG
244,이천시,이천정형외과의원,진단용방사선발생장치,37.2772433,127.4462968,21.JPG
245,이천시,이좋은치과의원,진단용방사선발생장치,37.2953275,127.4579855,22.JPG
246,이천시,주미희치과의원,진단용방사선발생장치,37.2815477,127.4397144,23.JPG
247,이천시,굿모닝치과,진단용방사선발생장치,37.2596089,127.4791547,24.JPG
248,이천시,우리들정형외과,진단용방사선발생장치,37.2521114,127.490458,25.JPG
249,이천시,한양내과의원,진단용방사선발생장치,37.2783575,127.4471265,26.JPG
250,이천시,천시욱정형외과의원,진단용방사선발생장치,37.2749132,127.4477715,27.JPG
251,이천시,서울미소치과의원,진단용방사선발생장치,37.2805816,127.4475117,28.JPG
252,이천시,한뫼마취통증의학과의원,진단용방사선발생장치,37.2805772,127.4462713,29.JPG
253,이천시,부부이앤미꾸러기치과의원,진단용방사선발생장치,37.2779927,127.448297,30.JPG
254,이천시,이다치과의원,진단용방사선발생장치,37.2521114,127.490458,21.JPG
255,파주시,미소래병원,진단용방사선발생장치,37.7571977,126.7746771,22.JPG
256,파주시,김동선치과의원,진단용방사선발생장치,37.7437867,126.8070423,23.JPG
257,파주시,가이드치과의원,진단용방사선발생장치,37.8598287,126.7865882,24.JPG
258,파주시,세종치과의원,진단용방사선발생장치,37.7631975,126.7743976,25.JPG
259,파주시,김두현치과의원,진단용방사선발생장치,37.8503074,126.8736154,26.JPG
260,파주시,성모신경외과의원,진단용방사선발생장치,37.7601468,126.7762114,27.JPG
261,파주시,곽치과의원,진단용방사선발생장치,37.759372,126.7762364,28.JPG
262,평택시,"해맑은 치과의원",진단용방사선발생장치,37.0814276,127.055481,29.JPG
263,평택시,이충조은치과의원,진단용방사선발생장치,37.0600406,127.0654502,30.JPG
264,평택시,연세가정의원,진단용방사선발생장치,37.066953,127.0629821,21.JPG
265,평택시,하북치과의원,진단용방사선발생장치,37.1086171,127.0645338,22.JPG
266,평택시,연세허브가정의학과의원,진단용방사선발생장치,36.9964089,127.1027279,23.JPG
267,평택시,드림비뇨기과의원,진단용방사선발생장치,36.9919958,127.0884785,24.JPG
268,평택시,드림비뇨기과의원,진단용방사선발생장치,36.9919958,127.0884785,25.JPG
269,포천시,선단경희의원,진단용방사선발생장치,37.8510618,127.1633389,26.JPG
270,포천시,예치과의원,진단용방사선발생장치,37.8247274,127.1420307,27.JPG
271,포천시,영치과의원,진단용방사선발생장치,37.9563854,127.31721,28.JPG
272,포천시,서울의원,진단용방사선발생장치,37.8294496,127.1484801,29.JPG
273,포천시,이플러스치과의원,진단용방사선발생장치,37.8252038,127.1430084,30.JPG
274,포천시,대호치과의원,진단용방사선발생장치,37.8984964,127.2041331,21.JPG
275,포천시,대호치과의원,진단용방사선발생장치,37.8984964,127.2041331,22.JPG
276,포천시,포천신경외과의원,진단용방사선발생장치,37.8934136,127.1997424,23.JPG
277,포천시,명인치과의원,진단용방사선발생장치,37.8542562,127.1661978,24.JPG
278,포천시,우리치과의원,진단용방사선발생장치,38.0005164,127.2428253,25.JPG
279,포천시,"의료법인 범문의료재단 진병원",진단용방사선발생장치,37.8303421,127.140451,26.JPG
280,포천시,국군일동병원,진단용방사선발생장치,37.9164713,127.3116269,27.JPG
281,하남시,세란치과의원,진단용방사선발생장치,37.5398739,127.2018982,28.JPG
282,하남시,미사리더스치과의원,진단용방사선발생장치,37.5694906,127.1842283,29.JPG
283,하남시,예담성모치과의원,진단용방사선발생장치,37.537707,127.2045626,30.JPG
284,하남시,아이별소아청소년과의원,진단용방사선발생장치,37.5689676,127.1845213,21.JPG
285,하남시,미사정형외과의원,진단용방사선발생장치,37.5694906,127.1842283,22.JPG
286,하남시,미사프라임치과의원,진단용방사선발생장치,37.5698874,127.1839915,23.JPG
287,하남시,미사프라임치과의원,진단용방사선발생장치,37.5698874,127.1839915,24.JPG
288,하남시,햇님소아청소년과의원,진단용방사선발생장치,37.5694906,127.1842283,25.JPG
289,하남시,서울미소샘치과의원,진단용방사선발생장치,37.5694906,127.1842283,26.JPG
290,하남시,즐거운하치과의원,진단용방사선발생장치,37.5429617,127.2034226,27.JPG
291,하남시,즐거운하치과의원,진단용방사선발생장치,37.5429617,127.2034226,28.JPG
292,화성시,미소로치과의원,진단용방사선발생장치,37.2014122,127.0711649,29.JPG
293,화성시,서울두리치과의원,진단용방사선발생장치,37.2220797,127.0581925,30.JPG
294,화성시,수앤유이비인후과,진단용방사선발생장치,37.2017056,127.1021979,21.JPG
295,화성시,서울소망이비인후과의원,진단용방사선발생장치,37.2003173,127.1131334,22.JPG
296,화성시,태안내과의원,진단용방사선발생장치,37.2145535,127.0419188,23.JPG
297,화성시,김대섭치과의원,진단용방사선발생장치,37.1607458,126.97226,24.JPG
298,화성시,참조은치과의원,진단용방사선발생장치,37.2014025,127.1087983,25.JPG
299,화성시,신우재활의학과의원,진단용방사선발생장치,37.1999116,127.1134144,26.JPG
300,화성시,닥터스마일치과의원,진단용방사선발생장치,37.1992484,127.0561371,27.JPG
301,화성시,행복심는치과의원,진단용방사선발생장치,37.207825,127.0345818,28.JPG
302,가평군,홍인의원,유방촬영용장치,37.737522039,127.4187031,11.JPG
303,가평군,임내과의원,유방촬영용장치,37.829288266,127.5136089,12.JPG
304,고양시,국립암센터,유방촬영용장치,37.663487713,126.78348711,13.JPG
305,고양시,허유재병원,유방촬영용장치,37.662821974,126.76990028,14.JPG
306,고양시,김내과의원,유방촬영용장치,37.655408643,126.78982298,15.JPG
307,고양시,연세미소내과의원,유방촬영용장치,37.633555241,126.83100962,16.JPG
308,고양시,해븐리병원,유방촬영용장치,37.682457348,126.78098259,17.JPG
309,고양시,일산미래내과의원,유방촬영용장치,37.69409829,126.76284081,18.JPG
310,고양시,아이산산부인과의원,유방촬영용장치,37.68929577,126.75826462,19.JPG
311,고양시,한빛영상의학과의원,유방촬영용장치,37.644851524,126.78610267,20.JPG
312,과천시,과천예일의원,유방촬영용장치,37.428218636,126.99327866,21.JPG
313,과천시,속편한내과의원,유방촬영용장치,37.426218277,126.99181022,22.JPG
314,과천시,탑내과의원,유방촬영용장치,37.420578027,126.99225162,23.JPG
315,과천시,탑내과의원,유방촬영용장치,37.420578027,126.99225162,24.JPG
316,광명시,신효경산부인과의원,유방촬영용장치,37.476013658,126.86928861,25.JPG
317,광명시,소하연합내과의원,유방촬영용장치,37.447629248,126.88335222,26.JPG
318,광명시,제이메디의원,유방촬영용장치,37.448267843,126.89143142,27.JPG
319,광명시,광명속편한내과의원,유방촬영용장치,37.481268212,126.85559903,28.JPG
320,광명시,광명성심의원,유방촬영용장치,37.458714267,126.8772877,29.JPG
321,광명시,미래여성산부인과의원,유방촬영용장치,37.462655191,126.88068336,30.JPG
322,광명시,장튼튼내과의원,유방촬영용장치,37.448377739,126.88400649,1.JPG
323,광주시,탄탄병원,유방촬영용장치,37.409387265,127.2560629,2.JPG
324,광주시,한마음내과의원,유방촬영용장치,37.356119943,127.3261915,3.JPG
325,광주시,365드림의원,유방촬영용장치,37.409666784,127.2601414,4.JPG
326,광주시,서울영상의학과의원,유방촬영용장치,37.407922374,127.25850896,5.JPG
327,광주시,이영창내과의원,유방촬영용장치,37.388618388,127.22976167,6.JPG
328,광주시,우리내과의원,유방촬영용장치,37.360085883,127.15509755,7.JPG
329,구리시,재단법인원진녹색병원,유방촬영용장치,37.605948069,127.1336496,8.JPG
330,구리시,이기쁨내과의원,유방촬영용장치,37.590978244,127.14539885,9.JPG
331,구리시,제일항외과의원,유방촬영용장치,37.596113547,127.14562379,10.JPG
332,구리시,한양대학교구리병원,유방촬영용장치,37.601120217,127.1323955,11.JPG
333,구리시,오케이참병원,유방촬영용장치,37.609285811,127.13798172,12.JPG
334,구리시,구리속편한내과의원,유방촬영용장치,37.602447963,127.14517159,13.JPG
335,군포시,원광대학교의과대학산본병원,유방촬영용장치,37.359334556,126.93356444,14.JPG
336,군포시,연세항맥외과의원,유방촬영용장치,37.348086557,126.94405945,15.JPG
337,군포시,마음속내과의원,유방촬영용장치,37.359333334,126.93151009,16.JPG
338,군포시,삼성조은내과의원,유방촬영용장치,37.371526535,126.93575467,17.JPG
339,군포시,산본제일병원,유방촬영용장치,37.363585867,126.93108839,18.JPG
340,김포시,조현철내과의원,유방촬영용장치,37.620129879,126.71866589,19.JPG
341,김포시,삼성메디칼의원,유방촬영용장치,37.644101432,126.62728426,20.JPG
342,김포시,연세온유외과의원,유방촬영용장치,37.644101432,126.62728426,21.JPG
343,김포시,늘편한내과의원,유방촬영용장치,37.645764326,126.62606349,22.JPG
344,김포시,삼성탑내과의원,유방촬영용장치,37.647740813,126.66275495,23.JPG
345,김포시,박원종내과의원,유방촬영용장치,37.690676883,126.59872809,24.JPG
346,남양주시,주내과의원,유방촬영용장치,37.651139883,127.14237486,25.JPG
347,남양주시,현대병원,유방촬영용장치,37.715436732,127.17967258,26.JPG
348,남양주시,진건메디의원,유방촬영용장치,37.659363427,127.17789627,27.JPG
349,남양주시,서울연합내과의원,유방촬영용장치,37.650189277,127.11259383,28.JPG
350,남양주시,현대정형외과의원,유방촬영용장치,37.586065642,127.21322967,29.JPG
351,남양주시,휴메디병원,유방촬영용장치,37.726130387,127.19175569,30.JPG
352,동두천시,이영길내과의원,유방촬영용장치,37.905351451,127.05370825,1.JPG
353,동두천시,지행탑내과의원,유방촬영용장치,37.892576228,127.05373357,2.JPG
354,동두천시,이은종내과의원,유방촬영용장치,37.891387555,127.05242539,3.JPG
355,동두천시,속내과의원,유방촬영용장치,37.891999813,127.05331254,4.JPG
356,동두천시,동두천중앙성모병원,유방촬영용장치,37.909018153,127.05390408,5.JPG
357,부천시,맑은내과의원,유방촬영용장치,37.511536447,126.76871999,6.JPG
358,부천시,오정본병원,유방촬영용장치,37.527567266,126.80437353,7.JPG
359,부천시,박내과의원,유방촬영용장치,37.485961886,126.81126767,8.JPG
360,부천시,누리안유영길김태형내과김영찬방사선과의원,유방촬영용장치,37.523756181,126.80442888,9.JPG
361,부천시,은혜내과의원,유방촬영용장치,37.501317616,126.77715448,10.JPG
362,부천시,부천영상의학과의원,유방촬영용장치,37.482459977,126.78199371,11.JPG
363,부천시,스마튼병원,유방촬영용장치,37.504928467,126.77604658,12.JPG
364,성남시,분당에이치병원,유방촬영용장치,37.376757795,127.11132501,13.JPG
365,성남시,판교연세내과의원,유방촬영용장치,37.403864702,127.11609638,14.JPG
366,성남시,맑은유영상의학과의원,유방촬영용장치,37.349566865,127.10949139,15.JPG
367,성남시,연세플러스내과의원,유방촬영용장치,37.4424678,127.13796376,16.JPG
368,성남시,연세내과의원,유방촬영용장치,37.440690438,127.13203944,17.JPG
369,성남시,참서울외과영상의학과의원,유방촬영용장치,37.438022596,127.14079193,18.JPG
370,성남시,우리영상의학과의원,유방촬영용장치,37.364535606,127.10623891,19.JPG
371,성남시,리체내과신경과의원,유방촬영용장치,37.370481244,127.10743244,20.JPG
372,수원시,시온여성병원,유방촬영용장치,37.252659834,127.07657653,21.JPG
373,수원시,강남여성병원,유방촬영용장치,37.276737684,127.02750727,22.JPG
374,수원시,다인병원,유방촬영용장치,37.291793823,127.02755728,23.JPG
375,수원시,광교내과의원,유방촬영용장치,37.288044605,127.05736118,24.JPG
376,수원시,수병원,유방촬영용장치,37.28037734,127.0297749,25.JPG
377,수원시,수원메디휴제일내과의원,유방촬영용장치,37.300736036,127.04511017,26.JPG
378,시흥시,목감연세내과의원,유방촬영용장치,37.377694255,126.85270823,27.JPG
379,시흥시,연세내과의원,유방촬영용장치,37.441296623,126.78371936,28.JPG
380,시흥시,녹향의원,유방촬영용장치,37.399303374,126.80029652,29.JPG
381,시흥시,시흥내과의원,유방촬영용장치,37.440794259,126.78490731,30.JPG
382,시흥시,중앙산부인과의원,유방촬영용장치,37.446210436,126.79049673,1.JPG
383,시흥시,시화병원,유방촬영용장치,37.352774392,126.72455274,2.JPG
384,시흥시,참산부인과의원,유방촬영용장치,37.439660128,126.78552078,3.JPG
385,안산시,김정우외과의원,유방촬영용장치,37.318698774,126.83485415,4.JPG
386,안산시,굿모닝닥터송내과의원,유방촬영용장치,37.309561945,126.82829812,5.JPG
387,안산시,메이퀸이지은산부인과의원,유방촬영용장치,37.335451191,126.80715958,6.JPG
388,안산시,세화병원,유방촬영용장치,37.301956614,126.86152128,7.JPG
389,안산시,참내과의원,유방촬영용장치,37.311872498,126.83098883,8.JPG
390,안산시,온누리병원,유방촬영용장치,37.341865014,126.81746874,9.JPG
391,안산시,마음속내과의원,유방촬영용장치,37.301338191,126.86429707,10.JPG
392,안성시,"경기도의료원 안성병원",유방촬영용장치,37.01679639,127.26071009,11.JPG
393,안성시,모아산부인과의원,유방촬영용장치,37.007662517,127.26756655,12.JPG
394,안성시,안성한주의원,유방촬영용장치,37.004830001,127.26898358,13.JPG
395,안성시,"안성의료복지사회적협동조합 서안성의원",유방촬영용장치,36.998492905,127.17211248,14.JPG
396,안성시,안성성모병원,유방촬영용장치,37.006159018,127.27101054,15.JPG
397,안성시,하나로연합의원,유방촬영용장치,37.007553813,127.26782459,16.JPG
398,안양시,메디휴제일내과의원,유방촬영용장치,37.40216821,126.95020636,17.JPG
399,안양시,안양명내과의원,유방촬영용장치,37.402693517,126.91056349,18.JPG
400,안양시,연세신통외과의원,유방촬영용장치,37.400440221,126.92179231,19.JPG
401,안양시,국상표내과의원,유방촬영용장치,37.39986222,126.91983912,20.JPG
402,안양시,백내과의원,유방촬영용장치,37.384634971,126.95112194,21.JPG
403,안양시,굿모닝내과의원,유방촬영용장치,37.39905219,126.93536873,22.JPG
404,안양시,상쾌한항외과의원,유방촬영용장치,37.403082004,126.95950086,23.JPG
405,양주시,성모예일내과의원,유방촬영용장치,37.795952433,127.1058378,24.JPG
406,양주시,양주미래드림내과의원,유방촬영용장치,37.794900473,127.0793484,25.JPG
407,양주시,나무정원산부인과병원,유방촬영용장치,37.822674615,127.0484269,26.JPG
408,양주시,이진석내과의원,유방촬영용장치,37.817612147,127.04620916,27.JPG
409,양주시,주가람내과의원,유방촬영용장치,37.818892707,127.09209328,28.JPG
410,양주시,강남베스트내과의원,유방촬영용장치,37.81847823,127.09214957,29.JPG
411,양주시,양주예쓰병원,유방촬영용장치,37.837640972,127.06448798,30.JPG
412,양주시,21세기내과의원,유방촬영용장치,37.795621539,127.07887229,1.JPG
413,양평군,편안한내과통증영상의학과의원,유방촬영용장치,37.490471211,127.49503338,2.JPG
414,양평군,연세푸르른내과의원,유방촬영용장치,37.492136622,127.49103014,3.JPG
415,양평군,"더 건강한내과의원",유방촬영용장치,37.488939777,127.49280715,4.JPG
416,양평군,하나로의원,유방촬영용장치,37.489216776,127.49336301,5.JPG
417,양평군,정내과의원,유방촬영용장치,37.485443702,127.59516444,6.JPG
418,양평군,양평병원,유방촬영용장치,37.493914341,127.50328802,7.JPG
419,양평군,다나암병원,유방촬영용장치,37.497213315,127.41934602,8.JPG
420,양평군,편안한내과통증의학과의원,유방촬영용장치,37.490471211,127.49503338,9.JPG
421,양평군,양평정형외과의원,유방촬영용장치,37.490301534,127.49467043,10.JPG
422,여주시,대진요양병원,유방촬영용장치,37.262470821,127.69063233,11.JPG
423,여주시,연세새로운병원,유방촬영용장치,37.289777762,127.63283775,12.JPG
424,여주시,세종여주병원,유방촬영용장치,37.301192723,127.62618823,13.JPG
425,여주시,여주아산내과의원,유방촬영용장치,37.297136478,127.63668858,14.JPG
426,여주시,여주영상의학과의원,유방촬영용장치,37.29125023,127.63550019,15.JPG
427,여주시,베스트요양병원,유방촬영용장치,37.181816831,127.56111949,16.JPG
428,여주시,한사랑의원,유방촬영용장치,37.299524947,127.62977232,17.JPG
429,여주시,서울삼성내과의원,유방촬영용장치,37.296165605,127.63627442,18.JPG
430,여주시,한사랑의원,유방촬영용장치,37.299524947,127.62977232,19.JPG
431,여주시,여주고려병원,유방촬영용장치,37.301192723,127.62618823,20.JPG
432,연천군,연천군보건의료원,유방촬영용장치,38.023233858,127.0606114,21.JPG
433,연천군,연천군보건의료원,유방촬영용장치,38.023233858,127.0606114,22.JPG
434,연천군,연천군보건의료원,유방촬영용장치,38.023233858,127.0606114,23.JPG
435,연천군,서울연합메디컬의원,유방촬영용장치,38.030114262,127.06561692,24.JPG
436,오산시,오산한국병원,유방촬영용장치,37.141111981,127.07521888,25.JPG
437,오산시,우먼필산부인과의원,유방촬영용장치,37.146006476,127.07219571,26.JPG
438,오산시,세교삼성내과의원,유방촬영용장치,37.174670421,127.05047857,27.JPG
439,오산시,의료법인분도의료재단성모의원,유방촬영용장치,37.149224837,127.06936204,28.JPG
440,오산시,건강한가족의원,유방촬영용장치,37.148978374,127.07480989,29.JPG
441,오산시,버팀병원,유방촬영용장치,37.149249224,127.07392089,30.JPG
442,오산시,연세원내과의원,유방촬영용장치,37.170473451,127.06575509,1.JPG
443,오산시,조은오산병원,유방촬영용장치,37.154109169,127.06817307,2.JPG
444,용인시,SOK수지속편한내과의원,유방촬영용장치,37.335895076,127.09174467,3.JPG
445,용인시,미즈유영상의학과의원,유방촬영용장치,37.312621011,127.07991769,4.JPG
446,용인시,용한외과의원,유방촬영용장치,37.324537733,127.09755304,5.JPG
447,용인시,김학선내과의원,유방촬영용장치,37.300820622,127.11068579,6.JPG
448,용인시,용인제일산부인과의원,유방촬영용장치,37.235218907,127.19451347,7.JPG
449,용인시,서울삼성내과의원,유방촬영용장치,37.320180679,127.11382721,8.JPG
450,용인시,유앤항외과의원,유방촬영용장치,37.323008171,127.09479826,9.JPG
451,용인시,처인구보건소,유방촬영용장치,37.240768592,127.17746482,10.JPG
452,의왕시,한일의원,유방촬영용장치,37.348953612,126.97395567,11.JPG
453,의왕시,롯데정내과의원,유방촬영용장치,37.37966859,126.97164057,12.JPG
454,의왕시,영내과의원,유방촬영용장치,37.395889507,126.9847,13.JPG
455,의왕시,365건강한부곡의원,유방촬영용장치,37.32067174,126.95083867,14.JPG
456,의왕시,한일의원,유방촬영용장치,37.348953612,126.97395567,15.JPG
457,의왕시,영내과의원,유방촬영용장치,37.395889507,126.9847,16.JPG
458,의왕시,우리들내과의원,유방촬영용장치,37.359367466,126.9670662,17.JPG
459,의정부시,성모수내과의원,유방촬영용장치,37.752732585,127.07012515,18.JPG
460,의정부시,봄날에내과의원,유방촬영용장치,37.743984107,127.09679124,19.JPG
461,의정부시,맘편한내과의원,유방촬영용장치,37.744541698,127.09803999,20.JPG
462,의정부시,지형석내과의원,유방촬영용장치,37.747627138,127.06470831,21.JPG
463,의정부시,신여성병원,유방촬영용장치,37.737870983,127.0405129,22.JPG
464,의정부시,나음내과의원,유방촬영용장치,37.738457166,127.03870935,23.JPG
465,의정부시,한마음내과의원,유방촬영용장치,37.73762207,127.08653881,24.JPG
466,이천시,양정분산부인과의원,유방촬영용장치,37.276131819,127.4471811,25.JPG
467,이천시,서울삼성연합외과의원,유방촬영용장치,37.27835394,127.44568325,26.JPG
468,이천시,수메디컬의원,유방촬영용장치,37.116517878,127.62981306,27.JPG
469,이천시,바른병원,유방촬영용장치,37.273687527,127.45024475,28.JPG
470,이천시,한결내과의원,유방촬영용장치,37.281077378,127.44745824,29.JPG
471,이천시,한내과의원,유방촬영용장치,37.27869049,127.44724124,30.JPG
472,이천시,"경기도의료원 이천병원",유방촬영용장치,37.282663179,127.4328199,1.JPG
473,파주시,윤영상의학과의원,유방촬영용장치,37.762559557,126.77526211,2.JPG
474,파주시,늘편한요양병원,유방촬영용장치,37.849188912,126.87241303,3.JPG
475,파주시,우리들내과의원,유방촬영용장치,37.727533401,126.73387564,4.JPG
476,파주시,미래여성의원,유방촬영용장치,37.755673536,126.77384207,5.JPG
477,파주시,더편안병원,유방촬영용장치,37.728366761,126.73584637,6.JPG
478,파주시,야당연세내과의원,유방촬영용장치,37.713733253,126.75993085,7.JPG
479,파주시,최지호내과의원,유방촬영용장치,37.857247362,126.78403905,8.JPG
480,평택시,연세로이외과의원,유방촬영용장치,36.989884344,127.11386243,9.JPG
481,평택시,서울아산내과의원,유방촬영용장치,37.057739489,127.05389072,10.JPG
482,평택시,평택연세내과의원,유방촬영용장치,36.993576971,127.09483845,11.JPG
483,평택시,송정길내과의원,유방촬영용장치,36.995134743,127.08395496,12.JPG
484,평택시,평택핑크리본외과의원,유방촬영용장치,36.992247253,127.08970329,13.JPG
485,평택시,오앤유내과영상의학과의원,유방촬영용장치,37.060238404,127.06639483,14.JPG
486,평택시,복음내과의원,유방촬영용장치,36.989804511,127.11250314,15.JPG
487,평택시,서울강남내과의원,유방촬영용장치,37.000049602,127.11258525,16.JPG
488,평택시,서정성세의원,유방촬영용장치,37.070848238,127.05764401,17.JPG
489,포천시,이함내과의원,유방촬영용장치,37.894858157,127.1924133,18.JPG
490,포천시,경기도의료원포천병원,유방촬영용장치,37.903048561,127.19735759,19.JPG
491,포천시,포천속편한내과의원,유방촬영용장치,37.957517991,127.31820484,20.JPG
492,포천시,포천신경외과의원,유방촬영용장치,37.893413649,127.19974241,21.JPG
493,포천시,의료법인일심의료재단우리병원,유방촬영용장치,37.827369035,127.14799898,22.JPG
494,하남시,마음속내과의원,유방촬영용장치,37.561458167,127.19298037,23.JPG
495,하남시,유미즈외과의원,유방촬영용장치,37.562007673,127.19303835,24.JPG
496,하남시,미사나무내과의원,유방촬영용장치,37.569202099,127.18439742,25.JPG
497,하남시,삼성내과의원,유방촬영용장치,37.55108,127.20842366,26.JPG
498,하남시,하남SD병원,유방촬영용장치,37.539654979,127.19811849,27.JPG
499,하남시,미사아산내과의원,유방촬영용장치,37.568561969,127.18467885,28.JPG
500,화성시,동탄수내과의원,유방촬영용장치,37.200218254,127.11313328,29.JPG
501,화성시,미즈파크산부인과의원,유방촬영용장치,37.209248102,127.06008701,30.JPG
502,화성시,남양편안한내과의원,유방촬영용장치,37.208134193,126.81716558,1.JPG
503,화성시,성모탑내과의원,유방촬영용장치,37.130005459,126.92190172,2.JPG
504,화성시,우리들내과의원,유방촬영용장치,37.207303553,127.07363731,3.JPG
505,화성시,자연속내과의원,유방촬영용장치,37.20047005,127.11366305,4.JPG
506,화성시,준내과의원,유방촬영용장치,37.213961803,126.9740073,5.JPG
507,화성시,향남삼성내과의원,유방촬영용장치,37.129933051,126.92142915,6.JPG
508,화성시,이우진내과의원,유방촬영용장치,37.114949396,126.91027268,7.JPG
509,가평군,국군청평병원,CT,37.743690701,127.42958409,21.JPG
510,가평군,국군청평병원,CT,37.743690701,127.42958409,22.JPG
511,고양시,일산중심병원,CT,37.699927605,126.74579073,23.JPG
512,고양시,활기찬병원,CT,37.631608571,126.8306176,24.JPG
513,고양시,동국대학교일산불교병원,MRI,37.676321861,126.80642636,25.JPG
514,고양시,일산이십일세기병원,MRI,37.643851495,126.78612824,26.JPG
515,고양시,의료법인자인의료재단자인메디병원,CT,37.622993221,126.83545162,27.JPG
516,고양시,일산하이병원,MRI,37.682501713,126.78061969,28.JPG
517,고양시,국군고양병원,CT,37.718819174,126.89694786,29.JPG
518,고양시,일산제일영상의학과의원,CT,37.669269747,126.76382755,30.JPG
519,고양시,해븐리병원,MRI,37.682457348,126.78098259,1.JPG
520,고양시,원당영상의학과의원,CT,37.655355748,126.835209,2.JPG
521,광명시,"연세김앤정 정형외과의원",MRI,37.476239761,126.87004565,3.JPG
522,광명시,성모에스마취통증의학과의원,MRI,37.475991794,126.86593101,4.JPG
523,광명시,광명인병원,CT,37.461932995,126.87933947,5.JPG
524,광명시,"광명 새움병원",CT,37.448132394,126.8819614,6.JPG
525,광명시,광명21세기병원,MRI,37.484656845,126.85631599,7.JPG
526,광명시,이지의원,MRI,37.479761313,126.85381568,8.JPG
527,광명시,이지영상의학과의원,CT,37.479761313,126.85381568,9.JPG
528,광주시,서울영상의학과의원,CT,37.407922374,127.25850896,10.JPG
529,광주시,참조은병원,MRI,37.410892141,127.26014559,11.JPG
530,광주시,탄탄병원,MRI,37.409387265,127.2560629,12.JPG
531,광주시,광주영상의학과의원,CT,37.408337517,127.25819412,13.JPG
532,광주시,서울신경외과,CT,37.413473522,127.2580647,14.JPG
533,광주시,참조은병원,CT,37.410892141,127.26014559,15.JPG
534,구리시,굿병원,MRI,37.597196827,127.14387072,16.JPG
535,구리시,좋은아침병원,CT,37.600310724,127.13112582,17.JPG
536,구리시,연세하나영상의학과의원,CT,37.590759919,127.14711946,18.JPG
537,구리시,오케이참병원,CT,37.609285811,127.13798172,19.JPG
538,구리시,한양대학교구리병원,MRI,37.601120217,127.1323955,20.JPG
539,구리시,윤서병원,CT,37.605139662,127.13942378,21.JPG
540,구리시,굿병원,CT,37.597196827,127.14387072,22.JPG
541,구리시,참튼튼병원,MRI,37.599089055,127.13595897,23.JPG
542,군포시,중앙신경외과의원,CT,37.364054056,126.93053482,24.JPG
543,군포시,원광대학교의과대학산본병원,CT,37.359334556,126.93356444,25.JPG
544,군포시,성심신경외과의원,CT,37.349924618,126.94403545,26.JPG
545,군포시,남천병원,MRI,37.364609741,126.92587215,27.JPG
546,군포시,군포병원,MRI,37.350555318,126.94401238,28.JPG
547,군포시,원광대학교의과대학산본병원,MRI,37.359334556,126.93356444,29.JPG
548,김포시,의료법인인봉의료재단뉴고려병원,MRI,37.640795391,126.65999943,30.JPG
549,김포시,탑영상의학과의원,CT,37.618910138,126.72099252,21.JPG
550,김포시,한사랑영상의학과의원,CT,37.622936522,126.69883233,22.JPG
551,김포시,유앤제이병원,MRI,37.654012829,126.62752898,23.JPG
552,김포시,가자연세병원,CT,37.618830469,126.71783266,24.JPG
553,김포시,김포참조은내과의원,CT,37.655625458,126.62749819,25.JPG
554,김포시,마디척정형외과의원,MRI,37.623244132,126.69932948,26.JPG
555,김포시,의료법인우리의료재단김포우리병원,MRI,37.63202129,126.71071315,27.JPG
556,김포시,연세유병원,MRI,37.645517155,126.62484102,28.JPG
557,남양주시,원병원,CT,37.651945369,127.3043528,29.JPG
558,남양주시,삼성엠알진단방사선과의원,MRI,37.634388771,127.21105466,30.JPG
559,남양주시,국민병원,MRI,37.650059577,127.23824864,21.JPG
560,남양주시,양병원,MRI,37.633444031,127.2051383,22.JPG
561,남양주시,현대병원,MRI,37.715436732,127.17967258,23.JPG
562,남양주시,남양주우리병원,CT,37.69791467,127.20131071,24.JPG
563,남양주시,프렌닥터중앙의원,CT,37.633946797,127.21133665,25.JPG
564,남양주시,남양주백병원,MRI,37.711190088,127.18758971,26.JPG
565,남양주시,현대정형외과의원,CT,37.586065642,127.21322967,27.JPG
566,동두천시,동두천중앙성모병원,CT,37.909018153,127.05390408,28.JPG
567,동두천시,동두천중앙성모병원,CT,37.909018153,127.05390408,29.JPG
568,동두천시,동두천중앙성모병원,MRI,37.909018153,127.05390408,30.JPG
569,동두천시,동두천중앙성모병원,CT,37.909018153,127.05390408,21.JPG
570,동두천시,동두천차정형외과의원,CT,37.903773005,127.05775499,22.JPG
571,부천시,동서영상의학과의원,CT,37.491204608,126.78468175,23.JPG
572,부천시,누리안유영길김태형내과김영찬방사선과의원,CT,37.523756181,126.80442888,24.JPG
573,부천시,하이병원,MRI,37.492273291,126.76873491,25.JPG
574,부천시,부천21세기병원,CT,37.483510615,126.77538775,26.JPG
575,부천시,서울여성병원,CT,37.505176214,126.75154934,27.JPG
576,부천시,중앙정형외과의원,MRI,37.523288883,126.8051541,28.JPG
577,부천시,제일영상의학과의원,CT,37.495009456,126.7765176,29.JPG
578,부천시,21세기병원,MRI,37.483510615,126.77538775,30.JPG
579,부천시,중앙영상의학과의원,CT,37.503757772,126.77635548,21.JPG
580,부천시,예손병원,CT,37.502562256,126.78748731,22.JPG
581,부천시,연세사랑병원,MRI,37.484542564,126.80835423,23.JPG
582,성남시,연세힐링의원,CT,37.396831254,127.11246066,24.JPG
583,성남시,홍익신경외과의원,CT,37.440195602,127.1470108,25.JPG
584,성남시,분당21세기의원,MRI,37.379949133,127.13606762,26.JPG
585,성남시,성남탑영상의학과의원,CT,37.410665614,127.12676942,27.JPG
586,성남시,엠디그린의원,CT,37.399415933,127.12299012,28.JPG
587,성남시,서울나우병원,MRI,37.383975367,127.12026685,29.JPG
588,성남시,으뜸병원,CT,37.430972354,127.12857673,30.JPG
589,성남시,홍익신경외과의원,MRI,37.440222522,127.14710125,21.JPG
590,성남시,"재단법인자생의료재단 분당자생한방병원",MRI,37.385642625,127.11987425,22.JPG
591,성남시,중앙영상의학과의원,MRI,37.439577929,127.14367621,23.JPG
592,수원시,김찬병원,MRI,37.262573747,127.02636406,24.JPG
593,수원시,서울제이에스병원,MRI,37.273982146,126.95432095,25.JPG
594,수원시,광교윌내과의원,CT,37.289850958,127.0470325,26.JPG
595,수원시,새한신경외과의원,CT,37.257267318,127.02289051,27.JPG
596,수원시,한독병원,MRI,37.26968271,127.02714419,28.JPG
597,수원시,한마음외과의원,CT,37.255465552,127.02106395,29.JPG
598,수원시,더웰병원,CT,37.254931044,127.0755868,30.JPG
599,수원시,수원영상의학과의원,CT,37.273930568,127.04497117,21.JPG
600,수원시,아주대학교병원,CT,37.279984281,127.04819942,22.JPG
601,수원시,수병원,MRI,37.28037734,127.0297749,23.JPG
602,수원시,"의료법인 한성재단 S서울병원",MRI,37.274490289,127.04180321,24.JPG
603,시흥시,"의료법인 석경의료재단 센트럴병원",CT,37.336807934,126.72820006,25.JPG
604,시흥시,조은내과의원,CT,37.345362029,126.7376149,26.JPG
605,시흥시,이철신경외과의원,CT,37.344194078,126.74319398,27.JPG
606,시흥시,"시흥21세기 병원",MRI,37.442126707,126.78927657,28.JPG
607,시흥시,한사랑의원,CT,37.343721917,126.73749653,29.JPG
608,시흥시,시흥한성병원,MRI,37.442126707,126.78927657,30.JPG
609,시흥시,"의료법인 석경의료재단 센트럴병원",MRI,37.336807934,126.72820006,21.JPG
610,시흥시,수앤수병원,CT,37.344417261,126.73819378,22.JPG
611,시흥시,연성중앙병원,CT,37.377443135,126.7841311,23.JPG
612,안산시,세화병원,MRI,37.301956614,126.86152128,24.JPG
613,안산시,고잔방사선과의원,MRI,37.310031504,126.82899641,25.JPG
614,안산시,안산21세기병원,MRI,37.330758999,126.8317695,26.JPG
615,안산시,박진영병원,CT,37.312725879,126.82921582,27.JPG
616,안산시,케이에스병원,MRI,37.318974116,126.83207826,28.JPG
617,안산시,에이스병원,CT,37.320835067,126.82921973,29.JPG
618,안산시,의료법인서전의료재단한사랑병원,CT,37.307003937,126.84838212,30.JPG
619,안산시,고든병원,MRI,37.318698774,126.83485415,21.JPG
620,안산시,안산튼튼병원,CT,37.307753598,126.85690822,22.JPG
621,안성시,"허리편한 병원",MRI,36.997417461,127.17432318,23.JPG
622,안성시,안성성모병원,CT,37.006159018,127.27101054,24.JPG
623,안성시,"경기도의료원 안성병원",CT,37.01679639,127.26071009,25.JPG
624,안성시,안성성모병원,CT,37.006159018,127.27101054,26.JPG
625,안성시,안성성모병원,MRI,37.006159018,127.27101054,27.JPG
626,안성시,"허리편한 병원",MRI,36.997417461,127.17432318,28.JPG
627,안양시,평촌우리병원,MRI,37.401022697,126.94750792,29.JPG
628,안양시,현대영상의학과의원,CT,37.394523807,126.92662077,30.JPG
629,안양시,우리병원,CT,37.404445762,126.91623114,21.JPG
630,안양시,우리병원,MRI,37.404445762,126.91623114,22.JPG
631,안양시,심중섭방사선과의원,MRI,37.400439355,126.9205387,23.JPG
632,안양시,우리들영상의학과의원,CT,37.403389028,126.96139812,24.JPG
633,안양시,한림대학교성심병원,CT,37.391441787,126.96178865,25.JPG
634,안양시,본병원,MRI,37.400691904,126.92092241,26.JPG
635,안양시,현대영상의학과의원,MRI,37.394523807,126.92662077,27.JPG
636,양주시,양주예쓰병원,MRI,37.837640972,127.06448798,28.JPG
637,양주시,양주예쓰병원,CT,37.837640972,127.06448798,29.JPG
638,양주시,양주예쓰병원,CT,37.837640972,127.06448798,30.JPG
639,양주시,양주예쓰병원,MRI,37.837640972,127.06448798,21.JPG
640,양평군,양평병원,MRI,37.493914341,127.50328802,22.JPG
641,양평군,다나암병원,CT,37.497213315,127.41934602,23.JPG
642,양평군,양평병원,MRI,37.493914341,127.50328802,24.JPG
643,양평군,국립교통재활병원,MRI,37.4896687,127.51842256,25.JPG
644,양평군,양평병원,CT,37.493914341,127.50328802,26.JPG
645,양평군,다나암병원,MRI,37.497213315,127.41934602,27.JPG
646,여주시,연세새로운병원,MRI,37.289777762,127.63283775,28.JPG
647,여주시,세종여주병원,CT,37.301192723,127.62618823,29.JPG
648,여주시,여주영상의학과의원,MRI,37.29125023,127.63550019,30.JPG
649,여주시,세종여주병원,MRI,37.301192723,127.62618823,21.JPG
650,여주시,여주영상의학과의원,CT,37.29125023,127.63550019,22.JPG
651,연천군,연천군보건의료원,CT,38.023233858,127.0606114,23.JPG
652,연천군,한북제일의원,CT,38.024337355,127.06937034,24.JPG
653,오산시,오산세종병원,MRI,37.127537807,127.06717122,25.JPG
654,오산시,조은오산병원,CT,37.154109169,127.06817307,26.JPG
655,오산시,다나병원,CT,37.127537807,127.06717122,27.JPG
656,오산시,버팀병원,MRI,37.149249224,127.07392089,28.JPG
657,오산시,오산한국병원,CT,37.141111981,127.07521888,29.JPG
658,오산시,오산한국병원,MRI,37.141111981,127.07521888,30.JPG
659,오산시,황재영정형외과의원,CT,37.159886863,127.06445166,21.JPG
660,오산시,성모의원,CT,37.149224837,127.06936204,22.JPG
661,용인시,조은손병원,CT,37.23516439,127.19479506,23.JPG
662,용인시,예스병원,MRI,37.32976265,127.109328,24.JPG
663,용인시,용인삼성내과의원,CT,37.234519692,127.20323391,25.JPG
664,용인시,"허리편한 신경외과의원",MRI,37.234519082,127.20359452,26.JPG
665,용인시,제일메디플러스의원,CT,37.269823497,127.21781484,27.JPG
666,용인시,연세프라임병원,CT,37.296623558,127.10879633,28.JPG
667,용인시,우리호병원,CT,37.32209734,127.09582382,29.JPG
668,용인시,엠플러스병원,MRI,37.276321207,127.15260604,30.JPG
669,의왕시,영내과의원,CT,37.395889507,126.9847,21.JPG
670,의왕시,성모신경외과,CT,37.345953647,126.97572867,22.JPG
671,의정부시,센텀병원,MRI,37.754065455,127.07106818,23.JPG
672,의정부시,추병원,CT,37.74968092,127.04520506,24.JPG
673,의정부시,참튼튼병원,MRI,37.738407381,127.05188083,25.JPG
674,의정부시,속편한내과의원,CT,37.712515515,127.04765626,26.JPG
675,의정부시,장바로내과의원,CT,37.749902069,127.11853903,27.JPG
676,의정부시,서울척병원,MRI,37.733489483,127.04857642,28.JPG
677,의정부시,가톨릭대학교의정부성모병원,CT,37.758286934,127.0776539,29.JPG
678,의정부시,경기도의료원의정부병원,MRI,37.741041721,127.04243187,30.JPG
679,의정부시,센텀병원,MRI,37.754065455,127.07106818,21.JPG
680,이천시,"경기도의료원 이천병원",CT,37.282663179,127.4328199,22.JPG
681,이천시,금강의원,CT,37.283825257,127.44751951,23.JPG
682,이천시,추새로병원,MRI,37.281407273,127.44356999,24.JPG
683,이천시,장호원성모병원,MRI,37.115376109,127.61203805,25.JPG
684,이천시,장호원성모병원,CT,37.115376109,127.61203805,26.JPG
685,이천시,바른병원,MRI,37.273687527,127.45024475,27.JPG
686,이천시,바른병원,CT,37.273687527,127.45024475,28.JPG
687,이천시,신세란영상진단센터의원,MRI,37.274719305,127.44902189,29.JPG
688,이천시,바른병원,CT,37.273687527,127.45024475,30.JPG
689,파주시,무척조은병원,CT,37.863881374,126.78089429,1.JPG
690,파주시,메디인병원,MRI,37.757891494,126.77467498,2.JPG
691,파주시,윤영상의학과의원,CT,37.762559557,126.77526211,3.JPG
692,파주시,더편안병원,MRI,37.728366761,126.73584637,4.JPG
693,파주시,기대플러스병원,MRI,37.728593153,126.73635602,5.JPG
694,파주시,봉일천성심연합의원,CT,37.743149222,126.80834881,6.JPG
695,파주시,문산서울정형외과의원,MRI,37.856300178,126.78339416,7.JPG
696,평택시,성심중앙병원,MRI,36.984127473,126.92762767,8.JPG
697,평택시,서울제일병원,CT,37.079649316,127.06233994,9.JPG
698,평택시,성심중앙병원,CT,36.984127473,126.92762767,10.JPG
699,평택시,서울제일병원,MRI,36.988049553,126.93154397,11.JPG
700,평택시,"의료법인백송의료재단 굿모닝병원",CT,36.990553789,127.12046836,12.JPG
701,평택시,연세다움병원,MRI,36.993576971,127.09483845,13.JPG
702,평택시,"의료법인백송의료재단 굿모닝병원",CT,36.990553789,127.12046836,14.JPG
703,포천시,강병원,MRI,37.898027146,127.20463217,15.JPG
704,포천시,한양신경외과의원,CT,37.824727438,127.1420535,16.JPG
705,포천시,의료법인일심의료재단우리병원,CT,37.827369035,127.14799898,17.JPG
706,포천시,연세백병원,MRI,37.83034219,127.14045106,18.JPG
707,포천시,강병원,CT,37.898027146,127.20463217,19.JPG
708,포천시,강병원,MRI,37.898027146,127.20463217,20.JPG
709,포천시,의료법인일심의료재단우리병원,MRI,37.827369035,127.14799898,21.JPG
710,하남시,금병원,CT,37.53676176,127.20933476,22.JPG
711,하남시,미사튼튼병원,MRI,37.561458167,127.19298037,23.JPG
712,하남시,"더 바른병원",MRI,37.536684194,127.20730928,24.JPG
713,하남시,하남SD병원,CT,37.539654979,127.19811849,25.JPG
714,하남시,햇살병원,CT,37.538373757,127.20456445,26.JPG
715,하남시,미래연합의원,CT,37.536296145,127.20767028,27.JPG
716,하남시,한림병원,MRI,37.536684194,127.20730928,28.JPG
717,하남시,하남SD병원,CT,37.539654979,127.19811849,29.JPG
718,화성시,서울정형외과의원,CT,37.129978353,126.9095454,30.JPG
719,화성시,동탄시티병원,MRI,37.208381889,127.06255342,1.JPG
720,화성시,희망찬병원,MRI,37.213104316,127.03738925,2.JPG
721,화성시,삼성메디칼정형외과의원,CT,37.236657254,127.06080641,3.JPG
722,화성시,수앤수병원,CT,37.114500727,126.91268099,4.JPG
723,화성시,성모정형외과의원,CT,37.129257096,126.90901737,5.JPG
724,화성시,센트럴병원,MRI,37.208913376,127.06280168,6.JPG
